﻿<?xml version="1.0" encoding="UTF-8" standalone="yes"?>
<addon id="plugin.video.hls" name="[COLORlime]HLS Sports[/COLOR]" version="1.0.8" provider-name="Jon Snow">
	<requires>
		<!-- <import addon="xbmc.python" version="2.1.0"/> -->
		<import addon="script.module.beautifulsoup4" version="3.2.1"/>
		<import addon="script.module.requests"  />
		<import addon="script.module.resolveurl" />
		<import addon="script.module.dateutil"/>
		<import addon="script.module.pytz"/>
		
    	
	</requires>
	<extension point="xbmc.python.pluginsource" library="default.py">
		<provides>video</provides>
	</extension>
	<extension point="xbmc.addon.metadata">
		<summary lang="en">Sports Addon</summary>
		<description lang="en">This Addon Is A Modified Fork - All Credit To The Original Creator - We Do Not Host Any Of The Streams - They Are All Freely Available On The Interweb</description>
		
		<platform>all</platform>

		<assets>
        <icon>icon.jpeg</icon>
        <fanart>fanart.jpg</fanart>
    </assets>
	</extension>
</addon>