﻿<?xml version="1.0" encoding="UTF-8" standalone="yes"?>
<addon id="plugin.video.dracarys" name="[COLORlime]Dracarys[/COLOR]" version="1.0.2" provider-name="Jon Snow">
	<requires>
		<!-- <import addon="xbmc.python" version="2.1.0"/> -->
		<import addon="script.module.beautifulsoup4" version="3.2.1"/>
		<import addon="script.module.requests"  />
		<import addon="script.module.resolveurl" />
		<import addon="script.module.dateutil"/>
		<import addon="script.module.pytz"/>
		
    	
	</requires>
	<extension point="xbmc.python.pluginsource" library="default.py">
		<provides>video</provides>
	</extension>
	<extension point="xbmc.addon.metadata">
		<summary lang="en">Sports Addon</summary>
		<description lang="en">MIT License

Copyright (c) 2021 arxtic-ape

Permission is hereby granted, free of charge, to any person obtaining a copy
of this software and associated documentation files (the "Software"), to deal
in the Software without restriction, including without limitation the rights
to use, copy, modify, merge, publish, distribute, sublicense, and/or sell
copies of the Software, and to permit persons to whom the Software is
furnished to do so, subject to the following conditions:

The above copyright notice and this permission notice shall be included in all
copies or substantial portions of the Software.

THE SOFTWARE IS PROVIDED "AS IS", WITHOUT WARRANTY OF ANY KIND, EXPRESS OR
IMPLIED, INCLUDING BUT NOT LIMITED TO THE WARRANTIES OF MERCHANTABILITY,
FITNESS FOR A PARTICULAR PURPOSE AND NONINFRINGEMENT. IN NO EVENT SHALL THE
AUTHORS OR COPYRIGHT HOLDERS BE LIABLE FOR ANY CLAIM, DAMAGES OR OTHER
LIABILITY, WHETHER IN AN ACTION OF CONTRACT, TORT OR OTHERWISE, ARISING FROM,
OUT OF OR IN CONNECTION WITH THE SOFTWARE OR THE USE OR OTHER DEALINGS IN THE
SOFTWARE

This Addon Is A Modified Fork - All Credit Goes To The Original Creator
We Do Not Host Any Of The Content - It Is All Freely Available On The Internet

</description>
		
		<platform>all</platform>

		<assets>
        <icon>icon.png</icon>
        <fanart>fanart.jpg</fanart>
    </assets>
	</extension>
</addon>