<?xml version="1.0" encoding="UTF-8" standalone="yes"?>
<addon id="plugin.video.SimpleSports"                                                                                                                                    
	   name="[COLORgold]Simple Sports[/COLOR]"                                                 
	   version="0.0.1"                                                                                                                                        
	   provider-name="The Three Eyed Raven">
  <requires>
    <import addon="xbmc.python" version="3.0.0" />
    <import addon="script.module.requests" />
    <import addon="script.module.routing" version="0.2.0" />
  </requires>
  <extension point="xbmc.python.pluginsource" library="default.py">
    <provides>video</provides>
  </extension>
  <extension point="xbmc.addon.metadata">
    <summary lang="en_GB">Simple Sports</summary>
	<description lang="en">We Don't Host Any Of The Streams, They Are All Available Free In The Internet - Only Works On Matrix</description>
    <platform>all</platform>
    <language>en</language>
    <license>GPL-2.0-or-later</license>
	<assets>
            <icon>icon.png</icon>
            <fanart>fanart.jpg</fanart>
    </assets>
  </extension>
</addon>
