<?xml version="1.0" encoding="UTF-8" standalone="yes"?>
<addon id="plugin.video.Cloud9"                                                                                                                                    
	   name="[COLORgold]Cloud 9[/COLOR]"                                                 
	   version="1.1.6"                                                                                                                                        
	   provider-name="Trigger">
  <requires>
    <import addon="xbmc.python" version="3.0.0" />
    <import addon="script.module.requests" />
    <import addon="script.module.routing" version="0.2.0" />
  </requires>
  <extension point="xbmc.python.pluginsource" library="default.py">
    <provides>video</provides>
  </extension>
  <extension point="xbmc.addon.metadata">
    <summary lang="en_GB">Smaller jen</summary>
    <platform>all</platform>
    <language>en</language>
    <license>GPL-2.0-or-later</license>
	<assets>
            <icon>icon.png</icon>
            <fanart>fanart.jpg</fanart>
    </assets>
  </extension>
</addon>
