<?xml version="1.0" encoding="UTF-8" standalone="yes"?>
<addon id="script.module.yoda" name="[COLORlime]Yoda Module[/COLOR]" version="1.2.4" provider-name="W">
	<requires>
		<import addon="xbmc.python" version="2.1.0" />
	</requires>
	<extension point="xbmc.python.module" library="lib" />
	<extension point="xbmc.addon.metadata">
		<platform>all</platform>
		<summary lang="en">Yoda</summary>
		<description></description>
        <disclaimer lang="en"></disclaimer>
	</extension>
</addon>