<?xml version="1.0" encoding="UTF-8" standalone="yes"?>
<addon id="plugin.video.freetv" name="Free TV" version="0.0.1" provider-name="Ramsey Bolton">
	<requires>
		<import addon="xbmc.python" version="3.0.0"/>
		<import addon="script.module.requests"/>
	</requires>
	<extension point="xbmc.python.pluginsource" library="addon.py">
		<provides>video</provides>
	</extension>
	<extension point="xbmc.addon.metadata">
		<summary lang="en">Free TV</summary>
		<description lang="en">Free To Air TV From The UK And US</description>
		<platform>all</platform>
		<language>en</language>
		<license>GPL-2.0-or-later</license>
		<forum></forum>
		<website></website> 
		<email></email>
		<source></source>
		<news>v0.0.1 - Kodi 19</news>
		<disclaimer lang="en"></disclaimer>
		<assets>
			<icon>icon.png</icon>
			<fanart>fanart.jpg</fanart>
			<banner></banner>
			<clearlogo></clearlogo>
			<screenshot></screenshot>
		</assets>
	</extension>
</addon>