<?xml version="1.0" encoding="UTF-8" standalone="yes"?>
<addon id="repository.revrepo" name="[COLORred]Revolution Repo[/COLOR]" version="1.0" provider-name="Uncle Knobhead">
    <extension point="xbmc.addon.repository" name="Uncle Knobhead">
    <dir>
        <info compressed="false">https://raw.githubusercontent.com/Floyd6969/repo2/master/addons.xml</info>
        <checksum>https://raw.githubusercontent.com/Floyd6969/repo2/master/addons.xml.md5</checksum>
        <datadir zip="true">https://raw.githubusercontent.com/Floyd6969/repo2/master/plugins/</datadir>
    </dir>
    <dir>
        <info compressed="false">https://raw.githubusercontent.com/Gujal00/smrzips/master/addons.xml</info>
        <checksum>https://raw.githubusercontent.com/Gujal00/smrzips/master/addons.xml.md5</checksum>
        <datadir zip="true">https://raw.githubusercontent.com/Gujal00/smrzips/master/zips/</datadir>
    </dir>
    <dir>
        <info compressed="false">https://raw.githubusercontent.com/a4k-openproject/repository.openscrapers/master/zips/addons.xml</info>
        <checksum>https://raw.githubusercontent.com/a4k-openproject/repository.openscrapers/master/zips/addons.xml.md5</checksum>
        <datadir zip="true">https://raw.githubusercontent.com/a4k-openproject/repository.openscrapers/master/zips/</datadir>
    </dir>
    </extension>
    <extension point="xbmc.addon.metadata">
        <summary>Revolution Repo For Matrix</summary>
        <description>Revolution Repo For Matrix</description>
        <platform>all</platform>
    </extension>
</addon>